gene_id	gene_name	RAP1_IAA_30M_REP1	RAP1_UNINDUCED_REP1	RAP1_UNINDUCED_REP2	WT_REP1	WT_REP2
Gfp_transgene_gene	Gfp_transgene_gene	529.2198	529.2198	529.2198	529.2198	529.2198
HRA1	HRA1	364.4148	364.4148	364.4148	364.4148	364.4148
snR18	snR18	12.958	3.543	3.543	12.817	12.888
tA(UGC)A	TGA1	5.7822	5.7822	5.7822	5.7822	5.7822
tL(CAA)A	SUP56	6.7854	6.7854	6.7854	6.7854	6.7854
tP(UGG)A	TRN1	7.137	7.137	7.137	7.137	7.137
tS(AGA)A	tS(AGA)A	9.39	9.39	9.39	9.39	9.39
YAL001C	TFC3	3315.543	3233	3233	3317.351	3317.115
YAL002W	VPS8	3657.543	3575	3575	3659.351	3659.115
YAL003W	EFB1	453.654	371	371	455.416	455.366
YAL004W	YAL004W	480.623	481.438308472643	481.438308472643	481.438308472643	482.255
YAL005C	SSA1	1761.543	1679	1679	1763.351	1763.115
YAL007C	ERP2	480.623	398	398	482.396	482.255
YAL008W	FUN14	429.697	347	347	431.481	431.474
YAL009W	SPO7	612.556	530	530	614.351	614.163
YAL010C	MDM10	1314.543	1232	1232	1316.351	1316.115
YAL011W	SWC3	1710.543	1628	1628	1712.351	1712.115
YAL012W	CYS3	1017.543	935	935	1019.351	1019.115
YAL013W	DEP1	1050.543	968	968	1052.351	1052.115
YAL014C	SYN8	600.556	518	518	602.351	602.163
YAL015C	NTG1	1032.543	950	950	1034.351	1034.115
YAL016C-A	YAL016C-A	120.1682	120.1682	120.1682	120.1682	120.1682
YAL016C-B	YAL016C-B	34.7964	34.7964	34.7964	34.7964	34.7964
YAL016W	TPD3	1740.543	1658	1658	1742.351	1742.115
YAL017W	PSK1	3903.543	3821	3821	3905.351	3905.115
YAL018C	LDS1	778.2018	778.2018	778.2018	778.2018	778.2018
YAL019W	FUN30	3228.543	3146	3146	3230.351	3230.115
YAL019W-A	YAL019W-A	370.4	370.4	370.4	370.4	370.4
YAL020C	ATS1	834.543	752	752	836.351	836.115
YAL021C	CCR4	2346.543	2264	2264	2348.351	2348.115
YAL022C	FUN26	1386.543	1304	1304	1388.351	1388.115
YAL023C	PMT2	2112.543	2030	2030	2114.351	2114.115
YAL024C	LTE1	4140.543	4058	4058	4142.351	4142.115
YAL025C	MAK16	753.543	671	671	755.351	755.115
YAL026C	DRS2	3900.543	3818	3818	3902.351	3902.115
YAL026C-A	YAL026C-A	271.945	188	188	274.023	274.173
YAL027W	SAW1	618.556	536	536	620.351	620.163
YAL028W	FRT2	1419.543	1337	1337	1421.351	1421.115
YAL029C	MYO4	4248.543	4166	4166	4250.351	4250.115
YAL030W	SNC1	191.033	104.002	104.002	193.18	193.807
YAL031C	GIP4	2115.543	2033	2033	2117.351	2117.115
YAL031W-A	YAL031W-A	114.6102	114.6102	114.6102	114.6102	114.6102
YAL032C	PRP45	972.543	890	890	974.351	974.115
YAL033W	POP5	354.938	272	272	356.826	357.011
YAL034C	FUN19	1074.543	992	992	1076.351	1076.115
YAL034C-B	YAL034C-B	157.2048	157.2048	157.2048	157.2048	157.2048
YAL034W-A	MTW1	702.543	620	620	704.351	704.115
YAL035W	FUN12	2841.543	2759	2759	2843.351	2843.115
YAL036C	RBG1	942.543	860	860	944.351	944.115
YAL037C-A	YAL037C-A	7.98	7.98	7.98	7.98	7.98
YAL037C-B	YAL037C-B	807.543	765.15924813074	725	765.15924813074	765.15924813074
YAL037W	YAL037W	636.543	554	554	638.351	638.156
YAL038W	CDC19	1335.543	1253	1253	1337.351	1337.115
YAL039C	CYC3	642.543	560	560	644.351	644.156
YAL040C	CLN3	1575.543	1493	1493	1577.351	1577.115
YAL041W	CDC24	2397.543	2315	2315	2399.351	2399.115
YAL042C-A	YAL042C-A	180.4152	180.4152	180.4152	180.4152	180.4152
YAL042W	ERV46	1080.543	998	998	1082.351	1082.115
YAL043C	PTA1	2190.543	2108	2108	2192.351	2192.115
YAL044C	GCV3	345.994	263	263	347.914	348.118
YAL044W-A	YAL044W-A	171.445	83.038	83.038	173.698	174.311
YAL045C	YAL045C	59.592	59.592	59.592	59.592	59.592
YAL046C	AIM1	193.91	107.001	107.001	195.982	196.599
YAL047C	SPC72	1701.543	1619	1619	1703.351	1703.115
YAL047W-A	YAL047W-A	134.272	134.272	134.272	134.272	134.272
YAL048C	GEM1	1821.543	1739	1739	1823.351	1823.115
YAL049C	AIM2	573.556	491	491	575.351	575.169
YAL051W	OAF1	2976.543	2894	2894	2978.351	2978.115
YAL053W	FLC2	2184.543	2102	2102	2186.351	2186.115
YAL054C	ACS1	1974.543	1892	1892	1976.351	1976.115
YAL055W	PEX22	375.841	293	293	377.695	377.765
YAL056C-A	YAL056C-A	154.3098	154.3098	154.3098	154.3098	154.3098
YAL056W	GPB2	2475.543	2393	2393	2477.351	2477.115
YAL058W	CNE1	1341.543	1259	1259	1343.351	1343.115
YAL059C-A	YAL059C-A	224.419	224.419	224.419	224.419	224.419
YAL059W	ECM1	471.628	389	389	473.412	473.284
YAL060W	BDH1	981.543	899	899	983.351	983.115
YAL061W	BDH2	1086.543	1004	1004	1088.351	1088.115
YAL062W	GDH3	1206.543	1124	1124	1208.351	1208.115
YAL063C	FLO9	3801.543	3719	3719	3803.351	3803.115
YAL063C-A	YAL063C-A	43.643	43.643	43.643	43.643	43.643
YAL064C-A	TDA8	183.335	183.335	183.335	183.335	183.335
YAL064W	YAL064W	38.947	38.947	38.947	38.947	38.947
YAL064W-B	YAL064W-B	216.75	183.792010201166	131	218.65	183.792010201166
YAL065C	YAL065C	189.1698	189.1698	189.1698	189.1698	189.1698
YAL066W	YAL066W	114.6102	114.6102	114.6102	114.6102	114.6102
YAL067C	SEO1	1614.543	1532	1532	1616.351	1573.17018039972
YAL067W-A	YAL067W-A	55.3312	55.3312	55.3312	55.3312	55.3312
YAL068C	PAU8	199.635	113	113	201.631	202.272
YAL068W-A	YAL068W-A	21.585	21.585	21.585	21.585	21.585
YAL069W	YAL069W	154.943	65.324	116.955927146989	116.955927146989	158.06
YAR002C-A	ERP1	492.623	410	410	494.383	494.212
YAR002W	NUP60	1452.543	1370	1370	1454.351	1454.115
YAR003W	SWD1	1113.543	1031	1031	1115.351	1115.115
YAR007C	RFA1	1698.543	1616	1616	1700.351	1700.115
YAR008W	SEN34	660.543	578	578	662.351	662.156
YAR009C	YAR009C	3423.543	3341	3341	3425.351	3425.115
YAR010C	YAR010C	1155.543	1073	1073	1157.351	1157.115
YAR014C	BUD14	1962.543	1880	1880	1964.351	1964.115
YAR015W	ADE1	753.543	671	671	755.351	755.115
YAR018C	KIN3	1140.543	1058	1058	1142.351	1142.115
YAR019C	CDC15	2757.543	2675	2675	2759.351	2759.115
YAR019W-A	YAR019W-A	137.106	137.106	137.106	137.106	137.106
YAR020C	PAU7	27.5834	27.5834	27.5834	27.5834	27.5834
YAR023C	YAR023C	372.86	290	290	374.712	374.812
YAR027W	UIP3	540.565	458	458	542.369	542.183
YAR028W	YAR028W	537.568	455	455	539.371	539.183
YAR029W	YAR029W	79.372	12.734	12.734	23.4350385138033	23.4350385138033
YAR030C	YAR030C	179.891	144.432737431276	92.011	182.032	144.432737431276
YAR031W	PRM9	729.543	647	647	731.351	731.115
YAR033W	MST28	537.568	455	455	539.371	539.183
YAR035C-A	YAR035C-A	6.7034	6.7034	6.7034	6.7034	6.7034
YAR035W	YAT1	1896.543	1814	1814	1898.351	1898.115
YAR042W	SWH1	3399.543	3317	3317	3401.351	3401.115
YAR047C	YAR047C	107.591272350502	107.591272350502	71.167	162.658	107.591272350502
YAR050W	FLO1	4446.543	4364	4364	4448.351	4448.115
YAR053W	YAR053W	103.8474	103.8474	103.8474	103.8474	103.8474
YAR060C	YAR060C	174.276	138.444350695071	86.025	138.444350695071	176.996
YAR061W	YAR061W	42.9608	42.9608	42.9608	42.9608	42.9608
YAR062W	YAR062W	429.697	400.698599325028	347	431.481	400.698599325028
YAR064W	YAR064W	106.49	106.49	106.49	106.49	106.49
YAR066W	YAR066W	444.661	362	362	446.429	446.392
YAR068W	YAR068W	319.266	236	236	321.189	321.344
YAR069C	YAR069C	139.43	139.43	139.43	139.43	139.43
YAR070C	YAR070C	106.49	106.49	106.49	106.49	106.49
